CDODefId,CDOName,Workspace,
1048,BillOfProcess,csi,
1040,DataPointQueryParam,csi,
1041,CurrentStatusClearanceWorkStns,csi,
1042,RevisionedObjectGroup,csi,
1043,RevisionedObjectGroupEntries,csi,
1044,RevisionedObjectGroupGroups,csi,
1045,ModelingESigReq,csi,
928,ReleaseReason,csi,
1047,BillOfProcessBase,csi,
1037,ImportContents,csi,
1049,BillOfProcessOverride,csi,
1050,BillOfProcessOverrideTxnMap,csi,
1053,TimerEvent,csi,
1056,Computation,csi,
1057,ComputationParamSpec,csi,
1058,UserConstant,csi,
1046,ModelingESigHistoryDetail,csi,
1030,ModelingAuditTrail,csi,
1019,AssignedMaintReq,csi,
1022,CompleteMaintenanceHistory,csi,
1023,CompleteMaintenanceHistoryHist,csi,
1024,CompleteMaintHistoryDetails,csi,
1026,MaintReqDueEmailTarget,csi,
1027,MaintReqPastDueEmailTarget,csi,
1039,ExportImportLog,csi,
1029,MaintenanceStatusRI,csi,
1038,ExportImportDetail,csi,
1031,ModelingAuditTrailHeader,csi,
1032,SecurityAuditTrail,csi,
1033,SecurityAuditTrailHeader,csi,
1034,ExportImportHeader,csi,
1035,ExportImportQueue,csi,
1036,ImportHeaderData,csi,
1063,ComputationParamMap,csi,
1028,MaintReqPendingEmailTarget,csi,
1100,DocContents,csi,
1060,ComputationParamHistory,csi,
1087,EventLot,csi,
1088,EventComponent,csi,
1089,EventLotFailures,csi,
1094,AttachedDocs,csi,
1095,DocAttachments,csi,
1085,CustomerData,csi,
1098,DocAttachmentsHistory,csi,
1083,EventCurrentCrossRefs,csi,
1101,EventData,csi,
1104,EventHistoryDetail,csi,
1105,Organization,csi,
1106,EMailMessage,csi,
1107,EMailDistribution,csi,
1108,EMailDistributionEmployee,csi,
1109,EMailDistExternalRecipents,csi,
1097,DocAttachmentsHistoryDetails,csi,
1074,CreateEventHistory,csi,
1016,MaintenanceReq,csi,
1064,FailureMode,csi,
1065,FailureSeverity,csi,
1066,PriorityLevel,csi,
1067,FailureModeGroup,csi,
1068,FailureModeGroupEntries,csi,
1086,EventFailure,csi,
1070,FailureModeGrpDefaultForObjTyp,csi,
1061,ComputationHistory,csi,
1075,EventComponentHistoryDetail,csi,
1076,CustomerHistoryDetail,csi,
1077,EventFailureHistoryDetail,csi,
1078,EventDataHistoryDetail,csi,
1079,EventLotHistoryDetail,csi,
1080,EventLotHistDetailFailureModes,csi,
1081,Event,csi,
1069,FailureModeGroupGroups,csi,
966,TrainingRequirement,csi,
974,TrainingReqGrpDfltForObjTypes,csi,
955,NCRUpdateHistDetFailureCodes,csi,
956,NCRDefectHistoryDetails,csi,
957,NCRCreateHistory,csi,
959,NCRCreateHistoryFailureCodes,csi,
961,NCRUpdateHistory,csi,
953,NCRCommentsHistory,csi,
965,TrainingRequirementBase,csi,
952,NCRCommentsRI,csi,
967,TrainingRequirementTrainers,csi,
968,TrainingRecordStatus,csi,
969,TrainingPlan,csi,
970,TrainingPlanDetail,csi,
971,TrainingRequirementGroup,csi,
972,TrainingReqGroupEntries,csi,
1018,MaintenanceStatus,csi,
964,ESigReqTxnMap,csi,
942,NCRCauseCodeGrpDefForObjTypes,csi,
1287,SignApprovalHistory,csi,
930,DispatchDetail,csi,
932,NCRFailureType,csi,
933,NCRResolutionCode,csi,
934,NCRResolutionCodeGroup,csi,
937,NCRResCodeGrpDefForObjTypes,csi,
954,NCRUpdateHistoryDetail,csi,
939,NCRCauseCodeGroup,csi,
975,TrainingRecord,csi,
943,NCRFailureCode,csi,
944,NCRFailureCodeGroup,csi,
947,NCRFailCodeGrpDefForObjTypes,csi,
948,NonconformanceReport,csi,
949,NonconformanceReportRI,csi,
950,NonconformanceReportNCRFailure,csi,
951,NCRComments,csi,
938,NCRCauseCode,csi,
1007,LabelHistoryDetail,csi,
973,TrainingReqGroupGroups,csi,
1000,ContainerCompletedTaskRI,csi,
1001,NCRCurrentCrossRefs,csi,
1002,PrintQueue,csi,
1003,PrinterLabelDefinitionBase,csi,
1004,PrinterLabelDefinition,csi,
994,ExecuteTaskHistPrereqTasks,csi,
1006,LabelTxnMap,csi,
992,ExecuteTaskHistory,csi,
1008,LabelHistorySummary,csi,
1009,PrintLabelHistory,csi,
1011,ReprintLabelHistory,csi,
1013,HistoryMainlineLabelSummaries,csi,
1014,MaintenanceReason,csi,
1015,MaintenanceReqBase,csi,
1116,BusinessRuleHandler,csi,
1005,LabelTag,csi,
984,TaskListBase,csi,
976,NCRCauseCodeGroupEntries,csi,
977,NCRCauseCodeGroupGroups,csi,
978,NCRFailureCodeGroupEntries,csi,
979,NCRFailureCodeGroupGroups,csi,
980,NCRResolutionCodeGroupEntries,csi,
981,NCRResolutionCodeGroupGroups,csi,
999,ContainerCompletedTask,csi,
983,ElectronicProcedure,csi,
1017,MaintenanceClass,csi,
985,TaskList,csi,
986,TaskItem,csi,
987,EProcedureDetail,csi,
988,TaskItemPrerequisiteTask,csi,
989,DataPoint,csi,
990,DataPointHistory,csi,
991,DataPointHistoryDetail,csi,
982,ElectronicProcedureBase,csi,
1232,ApprovalSheetTemplate,csi,
1242,NotificationServers,csi,
1225,DispositionData,csi,
1226,Disposition,csi,
1227,ActiveUserSession,csi,
1228,SecurityCacheRefreshRequest,csi,
1229,SecurityServers,csi,
1223,CompletionHistory,csi,
1231,ApprovalSheetEntry,csi,
1222,TriageQualityObjectHistory,csi,
1234,ApprovalDecisionList,csi,
1236,ApprovalSheet,csi,
1237,PortalMenuDefinition,csi,
1238,PortalMenuItem,csi,
1239,CategoryMap,csi,
1240,ApprovalSheetMap,csi,
1198,CAPAHistoryDetail,csi,
1230,DispositionHistoryDetail,csi,
1211,UIPageFlowActivity,csi,
1110,DocAttachmentsHistoryHistoryDe,csi,
1200,QualityCrossRefHistory,csi,
1204,RoutingHistory,csi,
1206,CompleteActivityHistory,csi,
1207,CompleteActivityHistoryDetails,csi,
1208,UIPageFlow,csi,
1224,UIPreferenceMap,csi,
1210,UIPageFlowState,csi,
1243,EMailQueue,csi,
1212,UIPersonalization,csi,
1213,UIVirPageUserPersonalizations,csi,
1214,QualityCrossReference,csi,
1215,UIPortalProfile,csi,
1217,EmployeeRole,csi,
1219,RolePermission,csi,
1221,RolePermissionModes,csi,
1209,UIVirtualPage,csi,
1279,ContainerCompletedSubTask,csi,
1241,ApprovalSheetHistory,csi,
1268,RecipeList,csi,
1269,RecipeItem,csi,
1270,RecipeItemPrerequisiteTasks,csi,
1273,RecipeMaterialListItem,csi,
1274,MasterRecipeBase,csi,
1266,ResourceFamily,csi,
1276,MasterRecipeDetail,csi,
1265,NotificationEvent,csi,
1280,AssignmentHistory,csi,
1281,HistoryMainlineAdditionalESigs,csi,
1282,UserAttribute,csi,
1283,StartContAttrHistoryDetail,csi,
1284,ContainerCompletedSubTaskRI,csi,
1285,ContainerAttrHistoryDetail,csi,
271,ActionDefinition,csi,
1275,MasterRecipe,csi,
1253,ReportMappingConfig,csi,
1244,ChangeCategoryHistory,csi,
1245,OrganizationQualityESigTxns,csi,
1246,ApprovalRoutingInfo,csi,
1248,EMailDistributionRoleRecipient,csi,
1249,ApprovalDecision,csi,
1250,FailureCauseData,csi,
1267,RecipeListBase,csi,
1252,FailurePlanData,csi,
1197,ChangeOwnerHistory,csi,
1254,RegulatoryReportType,csi,
1255,RegulatoryAgency,csi,
1256,RegulatoryReportMap,csi,
1258,RegulatoryReport,csi,
1261,DecisionTreeHistoryDetail,csi,
1262,RecordDecisionTreeHistory,csi,
1264,RegulatoryReportHistoryDetail,csi,
1251,FailureData,csi,
1148,PhaseTemplateOrganizations,csi,
1156,ActivityPlan,csi,
1138,CreateCAPAHistory,csi,
1140,UpdateCAPAHistory,csi,
1143,CreateCAPAHistoryHistoryDetail,csi,
1144,ProcessModelTemplateBase,csi,
1145,ProcessModelTemplate,csi,
1135,CAPA,csi,
1147,PhaseTemplate,csi,
1134,EventCheckBoxFieldHistDetail,csi,
1149,PlanTemplate,csi,
1150,PlanTemplateOrganizations,csi,
1151,ActivityTemplate,csi,
1152,ActivityTemplateOrganizations,csi,
1153,ProcessModel,csi,
1154,Phase,csi,
1199,CAPAHistoryDetailAdditionalOrg,csi,
1146,ProcessModelTemplateOrgs,csi,
1124,ReturnedEquipmentAction,csi,
926,HistoryMainlineESigSummaries,csi,
1117,BusinessRuleHandlerData,csi,
1118,BusinessRule,csi,
1119,BusinessRuleData,csi,
1120,BizRuleParameter,csi,
1121,BusinessRuleDataHandlers,csi,
1136,CAPAAdditionalOrganizations,csi,
1123,CustomerContact,csi,
1157,ActivityPrerequisites,csi,
1127,ScheduledBusinessRule,csi,
1128,Occupation,csi,
1129,SuspectDeviceData,csi,
1130,SuspectDeviceHistoryDetail,csi,
1131,ScheduledBizRuleExecHistory,csi,
1132,CARSeverity,csi,
1133,EventCheckBoxFieldData,csi,
1122,DocAttachmentsDocuments,csi,
1184,TriageSpecBusinessRules,csi,
1155,Activity,csi,
1177,ActivityonExecuteRules,csi,
1178,ChangeProcessHistory,csi,
1179,ChangeProcessHistoryHistoryDet,csi,
1180,BusinessRuleExecutionHistory,csi,
1181,BusinessRuleParameterValues,csi,
1175,PhaseonStartRules,csi,
1183,TriageSpec,csi,
1174,ActivityPlanonCompleteRules,csi,
1185,TriageSpecDetail,csi,
1187,CloseQualityObjectHistory,csi,
1188,CAPACurrentCrossRefs,csi,
1191,UpdateEventHistory,csi,
1193,NumberingRule,csi,
1195,NumberingRuleMap,csi,
1196,PersistenceStore,csi,
1182,QualityResolutionCode,csi,
1166,PlanTemplateonStartRules,csi,
1158,PhasePrerequisites,csi,
1159,ActivityPlanPrerequisites,csi,
1160,ActivityESigHistoryDetails,csi,
1161,PhaseESigHistoryDetails,csi,
1162,ActivityPlanESigHistoryDetails,csi,
1163,ProcessModelESigHistoryDetails,csi,
1176,PhaseonCompleteRules,csi,
1165,PhaseTemplateonCompleteRules,csi,
1115,BizRuleHandlerParameter,csi,
1167,PlanTemplateonCompleteRules,csi,
1168,ActivityTemplateonExecuteRules,csi,
1169,ProcessModelTemplateonStartRul,csi,
1170,ProcessModelTemplateonComplete,csi,
1171,ProcessModelonStartRules,csi,
1172,ProcessModelonCompleteRules,csi,
1173,ActivityPlanonStartRules,csi,
1164,PhaseTemplateonStartRules,csi,
559,SystemSecurityGroup,csi,
516,HistoryMessage,csi,
519,HistInq,csi,
520,Workflow,csi,
526,SessionValues,csi,
539,ShippingReason,csi,
540,ReworkReason,csi,
929,DispatchRule,csi,
543,QtyHistoryDetails,csi,
508,ResourceStatusHistory,csi,
560,BonusReason,csi,
561,BuyReason,csi,
562,ContainerDefectReason,csi,
564,LocalReworkReason,csi,
565,LossReason,csi,
566,QtyAdjustReason,csi,
541,QtyHistory,csi,
484,HistoryMainlineAuthorizations,csi,
439,ContainerLevelParentLevels,csi,
450,Container,csi,
466,ContainerCurrentCrossRefs,csi,
477,DisassociateHistory,csi,
478,DisassociateHistoryChildCnts,csi,
481,AssociateHistory,csi,
515,ThruputHistory,csi,
483,HistoryMainline,csi,
513,ChgAttrHistory,csi,
485,HistoryMainlineHistoryDetails,csi,
491,MoveHistory,csi,
492,HistoryCrossRef,csi,
496,StartHistoryDetail,csi,
499,MoveInHistory,csi,
502,Product,csi,
569,ResourceStatusReason,csi,
482,AssociateHistoryChildCnts,csi,
629,Customer,csi,
567,ResourceStatusCode,csi,
618,SplitHistoryDetails,csi,
619,ErrorMsg,csi,
620,CombineHistory,csi,
622,CombineHistoryDetail,csi,
623,CombineHistDetChildContainers,csi,
614,CurrentStatusRI,csi,
628,WorkflowStepPathSelectors,csi,
611,ContainerRI,csi,
635,UserCodeGroup,csi,
638,BonusReasonGroup,csi,
643,ContDefectReasonGroup,csi,
654,LocalReworkReasonGroup,csi,
659,LossReasonGroup,csi,
667,ReworkReasonGroup,csi,
678,ShippingReasonGroup,csi,
624,WorkflowStep,csi,
588,NamedObjectGroupEntries,csi,
432,DataCollectionDefBase,csi,
570,ScrapReason,csi,
571,SellReason,csi,
582,ContainerGroup,csi,
583,ContainerGroupEntries,csi,
584,ContainerGroupGroups,csi,
616,SplitHistory,csi,
587,NamedObjectGroup,csi,
568,ResourceStatusCodeStatusReason,csi,
589,NamedObjectGroupGroups,csi,
591,NamedObjGrpDftForObjTypes,csi,
592,ResourceGroup,csi,
593,ResourceGroupEntries,csi,
594,ResourceGroupGroups,csi,
596,ResourceGroupDftForObjTypes,csi,
605,TransRevOIDs,csi,
586,ContainerGrpDftForObjTypes,csi,
349,UOM,csi,
369,ChangeStatus,csi,
322,SalesOrder,csi,
333,TextVariable,csi,
341,StartReason,csi,
343,HoldReason,csi,
344,Owner,csi,
316,SpecBase,csi,
347,ProductType,csi,
313,SetupBase,csi,
350,WorkCenter,csi,
352,DataCollectionDef,csi,
353,Document,csi,
358,Setup,csi,
361,Spec,csi,
363,SpecTxnMap,csi,
438,ContainerLevelChildLevels,csi,
346,PriorityCode,csi,
288,NotificationTarget,csi,
272,AlarmDefinition,csi,
273,AlarmDefinitionTextVariables,csi,
274,DocumentSet,csi,
276,DocumentViewer,csi,
277,Employee,csi,
278,Enterprise,csi,
319,WorkflowBase,csi,
286,MfgOrder,csi,
371,CurrentStatus,csi,
289,Operation,csi,
291,ProductFamily,csi,
293,ResourceDef,csi,
296,ResourceLogs,csi,
297,ResourcePMStatus,csi,
301,DocumentBase,csi,
310,ProductBase,csi,
283,Factory,csi,
415,WIPMsgConfigOperationsExcluded,csi,
368,Bin,csi,
398,ReworkStatus,csi,
400,SpecStatus,csi,
401,SpecStatusCompletedTxns,csi,
410,TxnDetails,csi,
411,TxnMap,csi,
394,PathSelector,csi,
414,WIPMsgConfigWIPMsgCntrEntities,csi,
393,Path,csi,
418,WIPMsgDefMgr,csi,
420,WIPMsgDetails,csi,
421,WIPMsgDetailsNotificationTrgts,csi,
422,WIPMsgKey,csi,
423,WIPMsgLabelKey,csi,
424,WIPMsgOperationKey,csi,
683,ProductMaterialListItem,csi,
413,WIPMsgConfig,csi,
382,ProcessingGateOptionalSteps,csi,
372,CurrentStatusWorkflowStack,csi,
374,ProductionStatus,csi,
376,ProductionStatusAllowedProduct,csi,
377,DisallowedTxns,csi,
378,DocumentEntry,csi,
379,CollectionGate,csi,
395,ProductOption,csi,
381,ProcessingGate,csi,
437,ContainerLevel,csi,
383,ProcessingGateRequiredSteps,csi,
384,GateStatus,csi,
385,GateStatusCompletedSteps,csi,
386,GateStatusStepsRemaining,csi,
387,Location,csi,
388,OperationSchedulingDetail,csi,
389,SpecSchedulingDetail,csi,
380,CycleTimeGate,csi,
876,DeleteHistory,csi,
885,RestoreContainer,csi,
868,ProcessedTxnGUID,csi,
869,DBIdentifier,csi,
870,DBIDConfiguration,csi,
871,DBIdentifierHistory,csi,
873,ERPBOM,csi,
865,MfgOrderMaterialListItem,csi,
875,DeleteContainer,csi,
864,BOMMaterialListItem,csi,
877,DeleteHistoryLimit,csi,
878,Team,csi,
879,Shift,csi,
880,CalendarShift,csi,
881,MfgCalendar,csi,
883,ContainerDetail,csi,
831,Site,csi,
874,ERPBOMBase,csi,
853,ReworkStatusRI,csi,
679,ThruputHistoryDetail,csi,
835,SerializeHistory,csi,
837,ChangeStatusReason,csi,
838,ContainerStatusChangeHistory,csi,
840,MSMQManagers,csi,
848,OutboundXMLDocStatus,csi,
866,ContainerMaterialListItem,csi,
852,DataTransport,csi,
886,Dictionary,60,
854,ResourceDefRI,csi,
855,ProductionStatusRI,csi,
856,StepPassCount,csi,
857,StepPassCountRI,csi,
861,ERPRoute,csi,
862,ERPRouteBase,csi,
863,RouteStep,csi,
849,OutboundXMLDocStatusCode,csi,
916,ESigRoleGroupEntries,csi,
884,ContainerDetailRI,csi,
909,ShipmentDestinationGrp,csi,
910,ShipmentDestinationGrpEntries,csi,
911,ShipmentDestinationGrpGroups,csi,
912,ShipmentDestGrpDefForObjTypes,csi,
913,ESigMeaning,csi,
907,OrderType,csi,
915,ESigRoleGroup,csi,
906,ContainerMaintHistDetail,csi,
917,ESigRoleGroupGroups,csi,
918,ESigRoleGrpDefForObjTypes,csi,
919,ESigCosignReason,csi,
920,ESigReqDetail,csi,
921,ESigRequirement,csi,
923,ESigHistoryDetail,csi,
924,ESigHistorySummary,csi,
914,RoleDef,csi,
896,HistViewDtl,csi,
887,UserLabel,csi,
888,DictionaryLabel,60,
889,UserQuery,csi,
890,UserQueryParameter,csi,
891,IDControl,csi,
892,UserQueryUserQueryParameters,csi,
908,OrderStatus,csi,
895,OutboundXMLDocProcessing,csi,
830,ShipmentDestination,csi,
897,HistoryView,csi,
898,UIPreference,csi,
899,HistViewDtlUIFields,csi,
900,HistoryViewHistViewDtls,csi,
901,UIPrefFieldDef,csi,
902,ChgContainerAttrHistory,csi,
904,ContainerMaintHistory,csi,
894,XMLConnectPropagatorConfig,csi,
734,ChgAttrHistoryDetailsOldFixLst,csi,
742,ChgAttrHistoryDetailsNewDurLst,csi,
724,ChgObjectListHistoryDetails,csi,
725,ChgObjLstHistoryDetailsOldObjs,csi,
726,ChgObjLstHistoryDetailsNewObjs,csi,
730,ChgAttrHistoryDetailsOldStrLst,csi,
731,ChgAttrHistoryDetailsOldDurLst,csi,
722,ChgAttrHistoryOldObjects,csi,
733,ChgAttrHistoryDetailsOldBooLst,csi,
715,ChgAttrHistoryDetails,csi,
735,ChgAttrHistoryDetailsOldFltLst,csi,
736,ChgAttrHistoryDetailsOldIntLst,csi,
737,ChgAttrHistoryDetailsNewFixLst,csi,
738,ChgAttrHistoryDetailsNewBooLst,csi,
739,ChgAttrHistoryDetailsNewFltLst,csi,
740,ChgAttrHistoryDetailsNewIntLst,csi,
834,SerializeHistoryDetails,csi,
732,ChgAttrHistoryDetailsOldTmsLst,csi,
703,ProductSubstitutes,csi,
1289,EventClassificationSpecMap,csi,
686,VendorItem,csi,
687,Vendor,csi,
695,BillType,csi,
696,BOMBase,csi,
698,BOM,csi,
723,ChgAttrHistoryNewObjects,csi,
702,ProductVendorItems,csi,
743,ChgAttrHistoryDetailsNewTmsLst,csi,
705,IssueReason,csi,
706,SubstitutionReason,csi,
707,ComponentIssueHistory,csi,
709,IssueHistoryDetail,csi,
710,IssueDifferenceReason,csi,
711,IssueActualsHistory,csi,
712,ReworkStatusReEntryWorkflowStk,csi,
701,RollupReason,csi,
820,TransactionIdTable,csi,
741,ChgAttrHistoryDetailsNewStrLst,csi,
800,QtyAdjustGroup,csi,
803,SellReasonGroup,csi,
804,RollupReasonGroup,csi,
805,HoldReleaseHistoryDetail,csi,
806,HoldReleaseHistory,csi,
789,BuyReasonGroup,csi,
813,MenuItem,csi,
787,SecurityDescriptor,csi,
821,WIPMsgHistoryDetail,csi,
822,StepSchedulingDetail,csi,
823,ChgAttrHistoryHistoryDetails,csi,
824,DefectHistoryHistoryDetails,csi,
825,HistoryCrossRefRI,csi,
826,OutboundXMLDoc,csi,
829,ComponentDistributeHistory,csi,
810,MenuDefinition,csi,
771,ResourceThruputHistory,csi,
744,ComponentDefectReason,csi,
745,ContainerDefectHistoryDetail,csi,
746,ComponentDefectHistoryDetail,csi,
747,DefectHistory,csi,
751,UserCodeGroupEntries,csi,
753,UserCodeGroupGroups,csi,
796,UserCodeGrpDefaultForObjTypes,csi,
770,InstanceIDCount,csi,
680,StartHistoryDtlWorkflowStack,csi,
773,ResourceThruputHistoryDetails,csi,
776,LocalControl,csi,
778,VersionInfo,csi,
779,RemovalReason,csi,
784,ComponentRemoveHistory,csi,
785,RemoveHistoryDetail,csi,
786,RemoveDifferenceReason,csi,
760,CompDefectReasonGroup,csi,
1728,ComponentReplaceHistory,csi,
1738,SmartScanPattern,csi,
1737,SmartScanRule,csi,
1736,Terminal,csi,
1735,DynamicNumberingRule,csi,
1734,EmployeeLoginInfo,csi,
1733,ReplaceReason,csi,
1732,ModelingAuditTrailHeaderMassUp,csi,
1731,HistoryMainlineMassUpdates,csi,
1718,ChangePackageStatusHistory,csi,
1729,ComponentReplaceHistoryHistory,csi,
1745,AssociateActionTxnMap,csi,
1727,BPSpecBizRuleTxnMap,csi,
1726,OrganizationAffectedContainers,csi,
1725,EventDisallowedTxns,csi,
1724,UpdateEventDetailsHistory,csi,
1723,OrganizationPEDisallowedTxns,csi,
1722,OrganizationGEDisallowedTxns,csi,
1721,ChangePackagePreReqChangePkgs,csi,
1765,HVSetupHistoryDetail,csi,
1730,ComponentReplaceHistoryDetail,csi,
1754,NumberingRuleExcludeLettersMap,csi,
1489,DeployToTargets,csi,
1763,SchedulingRouteBase,csi,
1762,ReprintReason,csi,
1761,ExternalPermission,csi,
1760,ShopFloorSettings,csi,
1759,KPIType,csi,
1758,KPIMatrix,csi,
1757,KPIEntry,csi,
1739,SPCChartParams,csi,
1755,DynamicNumberingRuleExcludeLet,csi,
1740,SPCChartQueryParams,csi,
1753,ExcludeLettersMap,csi,
1752,MfgOperationHistoryHistoryDeta,csi,
1751,MfgOperationHistory,csi,
1750,SPCViolation,csi,
1749,SPCViolationParams,csi,
1748,SPCRuleViolations,csi,
1747,ContainerRenameHistory,csi,
1746,ContainerRenameHistDetail,csi,
1717,PackageType,csi,
1756,KPITimeframe,csi,
1683,UpdateSamplingLotHistory,csi,
1693,CollaboratorData,csi,
1692,CollaboratorEntry,csi,
1691,CollaboratorTemplate,csi,
1690,MasterDataCatalogDtl,csi,
1689,MasterDataCatalog,csi,
1688,WhereUsedConfigWhereUsedConfig,csi,
1687,WhereUsedConfigDetail,csi,
1686,WhereUsedConfig,csi,
1720,FilterTag,csi,
1684,UpdateSamplingLotHistoryHistor,csi,
1696,ProcessTimer,csi,
1682,LotSampleData,csi,
1681,MfgLot,csi,
1680,CreateSamplingLotHistoryHistor,csi,
1679,CreateSamplingLotHistory,csi,
1493,AttachDocumentHistory,csi,
1492,CPActivation,csi,
1491,TargetDeploymentHeader,csi,
1490,CPDeployment,csi,
1685,ModelingInstanceLock,csi,
1706,ContentCollaborationReminder,csi,
1716,DelegationTaskEntries,csi,
1715,DelegationTask,csi,
1714,ProcessTimerHistoryHistoryDeta,csi,
1713,ProcessTimerHistory,csi,
1712,TimerRI,csi,
1711,DelegateTaskHistory,csi,
1710,ProcessTimerHistoryDetail,csi,
1709,Timer,csi,
1694,ProcessTimerType,csi,
1707,PackageApprovalReminder,csi,
1695,ProcessTimerBase,csi,
1705,PackageTemplateTargetSystems,csi,
1704,PackageCreationTemplate,csi,
1702,EmployeeEscalationRecipients,csi,
1701,EndTimerTaskDtl,csi,
1700,StartTimerTaskDtl,csi,
1699,StartTimerTxnMap,csi,
1698,EndTimerTxnMap,csi,
1697,ProcessTimerDtl,csi,
1766,HVResourceSetupHistory,csi,
1708,DelegationReasonCode,csi,
679477469,A_JobModelDetail,csi,
679477479,A_PhysicalLocationPosition,csi,
679477478,A_PhysicalPosition,csi,
679477477,A_PhysicalLocation,csi,
679477476,A_JobOrderTechnician,csi,
679477475,A_JobOrderDetail,csi,
679477474,A_JobSymptomCode,csi,
679477473,A_JobRepairCode,csi,
679477472,A_JobCauseCode,csi,
679477405,A_EmployeeGroupEntries,csi,
679477470,A_JobModelDetailChecklist,csi,
679477482,A_ResourceBOMMaterialListItem,csi,
679477456,A_MaintenanceStatusChecklist,csi,
679477455,A_MaintenanceReqChecklist,csi,
679477448,A_SetupAccess,csi,
679477423,ResourceLayoutDetails,csi,
679477421,ResourceLayout,csi,
679477408,A_ToolPlan,csi,
679477407,A_EmployeeGroupDefaultForObjec,csi,
1764,SchedulingRoute,csi,
679477471,A_JobModelDetailToStage,csi,
679477665,A_CompleteMaintHistoryDetailsC,csi,
702545980,isImage,csi,
702545979,isImageBase,csi,
689963134,A_ResourceStatusHistoryDetails,csi,
689963087,A_StatusModelDetailToReason,csi,
689963086,A_StatusModelDetail,csi,
689963046,A_ToolPlanDetails,csi,
679477672,A_PartTxnHistoryDetail,csi,
679477671,A_PartTxnHistory,csi,
679477480,A_ResourceBOMBase,csi,
679477669,A_JobTxnHistory,csi,
679477481,A_ResourceBOM,csi,
679477564,A_ResourcePart,csi,
679477563,A_PartRequestOrderPart,csi,
679477562,A_PartRequestOrderMaterialPart,csi,
679477561,A_PartRequestOrder,csi,
679477560,A_JobCodesByResource,csi,
679477559,A_JobTechnician,csi,
679477558,A_JobChecklist,csi,
679477557,A_Job,csi,
679477404,A_EmployeeGroup,csi,
679477670,A_JobTxnHistoryDetail,csi,
1775,MfgOrderProcedureBase,csi,
1786,SpecContainerAutoHoldReqTxnMap,csi,
1785,ContainerAutoHoldReqLotList,csi,
1784,ContAutoHoldReqTxnMap,csi,
1783,MfgOrderExecutedTask,csi,
1782,MfgOrderExecutedTaskList,csi,
1781,MfgOrderTaskStatus,csi,
1780,ExecuteMfgOrderTaskHistory,csi,
1778,MfgOrderProcedureDetail,csi,
679477406,A_EmployeeGroupGroups,csi,
1776,MfgOrderTaskListBase,csi,
1794,IssueCondition,csi,
1774,MfgOrderProcedure,csi,
1773,HVRemoveHistoryDetail,csi,
1772,HVComponentRemoveHistory,csi,
1771,HVRemoveHistorySetupDetail,csi,
1770,LicenseInfo,csi,
1769,SPCChartCustomInfo,csi,
1768,HVIssueHistoryDetail,csi,
1767,HVComponentIssueHistory,csi,
1777,MfgOrderTaskList,csi,
679477253,A_EmailGroup,csi,
679477403,A_JobOrder,csi,
679477402,A_JobModel,csi,
679477401,A_JobStage,csi,
679477371,A_SPCChartParams,csi,
679477366,A_SPCChart,csi,
679477365,A_SPCRules,csi,
679477359,A_SPCConnection,csi,
679477256,A_EmailGroupDefaultForObjectTy,csi,
1787,ContainerAutoHoldReq,csi,
679477254,A_EmailGroupEntries,csi,
1788,ContainerAutoHoldReqContainerL,csi,
1286,ContainerAttrMaintHistory,csi,
1802,RPTControlLimits,csi,
1800,ResourceDefAttributes,csi,
1799,ContainerMaintHistDetailContMa,csi,
1798,ContMaintIssueCondHistDetail,csi,
1797,StartHistoryDetailIssueConditi,csi,
1796,ContainerIssueConditions,csi,
1795,OrderTypeIssueConditions,csi,
1801,SignalRConfiguration,csi,
679477255,A_EmailGroupGroups,csi,
1296,QualityReportConfig,csi,
1359,SummaryTableDef,csi,
1358,PortalTab,csi,
1357,ActionDefActionRules,csi,
1356,ActionRule,csi,
1290,ActivityEventFailures,csi,
1355,ActionDef,csi,
1353,SPCChartDef,csi,
1291,DispositionDataEventFailures,csi,
1307,ReorderProcessObjectHistory,csi,
1294,ActivityPlanEventLots,csi,
1364,UITargetLink,csi,
1297,CompleteProcessObjectHistory,csi,
1298,DesignateProcessObjectHistory,csi,
1299,ModifyProcessObjectHistory,csi,
1300,OpenProcessObjectHistory,csi,
1302,VoidProcessObjectHistory,csi,
1303,EndCollaborationHistory,csi,
1305,ReprocessActivityHistory,csi,
1388,ResStatusReasonGroupEntries,csi,
1293,PhaseEventLots,csi,
1375,UserQueryGroup,csi,
1387,ResStatusReasonGroup,csi,
1386,ResourceType,csi,
1385,ResourceStatusDiagram,csi,
1384,ResourceStatusModel,csi,
1383,ResourceStatusCodeGroupDef,csi,
1382,ResStatusCodeGroupGroups,csi,
1380,ResourceStatusCodeGroup,csi,
1378,UserQueryGroupDefaultForObject,csi,
1361,UIPageParameter,csi,
1376,UserQueryGroupEntries,csi,
1363,UITarget,csi,
1374,HorizontalShiftOptions,csi,
1373,QueryStringParameter,csi,
1372,PermissionDefinition,csi,
1371,ButtonLabel,csi,
1370,UIFloatPageLayout,csi,
1369,UIFloatPageLocation,csi,
1368,UIAction,csi,
1366,UITargetCondition,csi,
1309,ReorderProcessObjectHistDetail,csi,
1377,UserQueryGroupGroups,csi,
1345,SubClassification,csi,
1335,DPCollectionSampleHistory,csi,
1336,DPCollectionPointHistory,csi,
1337,RiskAssessment,csi,
1338,CompleteRiskAssessmentHistory,csi,
1339,EventCustomData,csi,
1340,CAPACustomData,csi,
1341,EventCustomHistoryDetail,csi,
1342,CAPACustomHistoryDetail,csi,
1306,ActivityNewProcessObjects,csi,
1344,Classification,csi,
1331,WebPart,csi,
1346,EventDataHistoryDetailSuspectD,csi,
1347,QualityProcessingMap,csi,
1348,NCRDefectData,csi,
1349,ActionsMenu,csi,
1350,ActionsMenuItem,csi,
1351,UserProfile,csi,
1803,RPTControlLimitsToUpdate,csi,
1488,UpdateChangePkgHistoryInstance,csi,
1343,DPCollectionPointSample,csi,
1320,ChecklistTemplate,csi,
1310,NCREscalateHistory,csi,
1311,NCREscalateHistoryHistoryDetai,csi,
1312,NCREscalateHistoryNCRFailureCo,csi,
1313,PortalMessageCategory,csi,
1314,CategoryNotificationMap,csi,
1315,CategoryNotificationMapTypes,csi,
1316,NotifVar,csi,
1317,ResponseItem,csi,
1334,DPCollectionGroupHistory,csi,
1319,ChecklistTemplateBase,csi,
1332,CollectDataPointsHistory,csi,
1321,ChecklistEntry,csi,
1322,Checklist,csi,
1324,DataPointCollectionGroup,csi,
1325,DataPointCollection,csi,
1326,ExecuteChecklistHistory,csi,
1328,ExecuteChklstResponseHistDtl,csi,
1329,ExecuteChecklistHistoryDtl,csi,
1330,ChecklistActualResponse,csi,
1381,ResStatusCodeGroupEntries,csi,
1318,ResponseSet,csi,
1446,CollectSamplingTestDtlHistory,csi,
1436,SwitchingRuleBase,csi,
1462,BusinessProcessWorkflowBase,csi,
1461,BusinessProcessSpec,csi,
1460,BusinessProcessSpecBase,csi,
1459,WebPartWorkspacePersonalizatio,csi,
1455,ChangePackagePriority,csi,
1454,ChangePackage,csi,
1453,ChangePackageReason,csi,
1464,ChangeMgtSpecAllowableRoles,csi,
1447,TargetSystem,csi,
1465,ChangePackageTarget,csi,
1445,CollectSamplingHistoryDetails,csi,
1379,UISourcePage,csi,
1443,ContainerContainerSampleData,csi,
1389,ResStatusReasonGroupGroups,csi,
1441,ContainerSampleData,csi,
1440,SamplingCurrentStatusRI,csi,
1439,SamplingCurrentStatus,csi,
1438,SwitchingRuleDetails,csi,
1437,SwitchingRule,csi,
1450,ChangeMgtApplication,csi,
1477,TargetDeployment,csi,
1487,UpdateChangePkgHistoryTargetSy,csi,
1486,StartChangePkgHistoryInstances,csi,
1485,StartChangePkgHistoryTargetSys,csi,
1484,AssignChangePkgContentHistoryI,csi,
1483,AssignChangePkgContentHistoryT,csi,
1482,CPModelingInstanceHistDtl,csi,
1481,CPTargetSystemHistDtl,csi,
1480,ExportImportTarget,csi,
1463,BusinessProcessWorkflow,csi,
1478,TrackTargetDeploymentHistory,csi,
1442,SampleSizeDetails,csi,
1476,TrackObjCurrentStatusWFStack,csi,
1475,TrackableObjectCurrentStatus,csi,
1474,UpdateChangePkgHistory,csi,
1473,StartChangePkgHistory,csi,
1472,DeployChangePkgHistory,csi,
1471,AssignChangePkgContentHistory,csi,
1470,ActivateChangePkgHistory,csi,
1468,ChangePackageMoveHistory,csi,
1466,CPModelingInstance,csi,
1479,TrackTargetDeploymentHistoryHi,csi,
1402,FailureActionTypeGroupDefaultF,csi,
1413,SPCChartHistoryDetail,csi,
1412,SPCViolationHistoryDetail,csi,
1411,AddSPCAnnotationHistory,csi,
1410,EventDispositionHistoryDetail,csi,
1409,EventLotEventDispositions,csi,
1408,EventDisposition,csi,
1435,SamplingPlanDetails,csi,
1405,EventFailureCauseHistoryDetail,csi,
1414,RecordSPCViolationHistory,csi,
1403,EventLog,csi,
1406,EventFailureActionHistoryDtl,csi,
1401,FailureActionTypeGroupGroups,csi,
1400,FailureActionTypeGroupEntries,csi,
1399,FailureActionTypeGroup,csi,
1398,FailureActionType,csi,
1393,EventFailureAction,csi,
1392,EventFailureCause,csi,
1391,ReworkStepDetail,csi,
1390,ResStatusReasonGroupDefFor,csi,
1444,CollectSamplingDataHistory,csi,
1430,SampleTestBase,csi,
1434,SamplingPlan,csi,
1433,SamplingPlanBase,csi,
1404,EventLogHistoryDetail,csi,
1431,SampleTest,csi,
1415,ChecklistEntryHistoryDetail,csi,
1429,SampleDataPoint,csi,
1428,SampleDataPointBase,csi,
1427,AQLLevel,csi,
1426,LotSizeDetails,csi,
1417,AssignChecklistToEventHistory,csi,
1432,SampleTestSampleDataPoints,csi,
1416,AssignChecklistHistory,csi,
1425,InspectionLevel,csi,
1418,ActionCategory,csi,
1419,OpenQualityObjectHistory,csi,
1420,OpenQualityObjectHistoryHistor,csi,
1422,CollectDataHistory,csi,
1423,CollectDataHistoryHistoryDetai,csi,
1424,ModelingObjsToExclude,csi,
1421,CommentType,csi,
673185872,CIODataPointType,10,
673185863,CIODataElements,10,
673185864,cioQPPQuery,10,
673185865,cioQueryPortalPage,10,
673185866,CIOTestObjDetails,10,
673185867,CIODataHandler,10,
673185868,CIOSubscriptionItem,10,
673185869,CIOShopfloorDataPointItem,10,
673185875,CIODPElementItem,10,
673185871,CIOConverterFieldItem,10,
673185873,CIODPTElementItem,10,
673185861,CIORouterStatus,10,
673185877,CIOOutboundHeaderKeyValue,10,
673185878,CIOOutboundDefinitionCIOOutbou,10,
673185874,CIODataPointInstance,10,
673185870,CIOSubscriptResCnvtrItem,10,
673185819,CIOAttribute,10,
673185810,CIOSystemDispatchRule,10,
673185811,CIOSMSEntry,10,
673185812,CIOChannelAdapterAvailableMess,10,
673185795,CIOMapDetails,10,
673185814,CIOHeaderSection,10,
673185816,CIOJournalPersist,10,
673185825,CIOWorkflow,10,
673185818,CIODefQueryParameter,10,
673185807,CIODispatchRule,10,
673185820,CIOOutboundMsgDef,10,
673185821,CIOOutboundDefinition,10,
673185822,CIODataHubSubscriptions,10,
673185823,CIODataHubPoints,10,
673185792,CIOFunction,10,
673185824,CIOWorkflowBase,10,
673185817,CIOPhoneNumber,10,
673185800,CIOTemplateBase,10,
673185794,CIOIncludedMaps,10,
673185860,CIOLastUpdate,10,
673185876,CIOHTTPHeader,10,
673185793,CIOFunctionArgs,10,
673185796,CIOMapFunctions,10,
673185797,CIOMessageMap,10,
673185809,CIOFilter,10,
673185799,CIOTemplate,10,
673185808,CIOMessageChannelCIOMessageTyp,10,
673185801,CIOChannelSource,10,
673185802,CIOChannelAdapter,10,
673185803,CIOMessageChannel,10,
673185804,CIOCamstarConnection,10,
673185805,CIOSettings,10,
673185806,CIOMessageType,10,
673185815,CIOFunctionItem,10,
673185798,CIOMessageMapBase,10,
673185851,CIOListProcessorBase,10,
673185843,CIOWakeUpAdapterParams,10,
673185844,MessageNameParameter,10,
673185854,CIOListProcessors,10,
673185846,RequestIdParameter,10,
673185855,CIOTestObject,10,
673185848,CIOPlugInParameters,10,
673185842,CIOSendResponseMsgParams,10,
673185850,CIOChannelSourceRouterHostName,10,
673185845,MessageTypeParameter,10,
673185852,CIOListProcessor,10,
673185853,CIOListProcessorDetails,10,
673185813,CIODetailSection,10,
673185858,CIOMessage,10,
673185857,CIOMachineEndpoints,10,
673185856,CIOCDOServiceUsage,10,
673185849,CIOFilterObjects,10,
673185833,CIOOutboundAdapterFilters,10,
673185828,CIOMapSource,10,
673185827,CIODetailField,10,
673185826,CIOHeaderField,10,
673185847,TagDataParameter,10,
673185841,CIOSendOutboundMsgParams,10,
673185830,CIOBinding,10,
673185832,CIOInboundAdapterFilters,10,
673185829,CIOBuffer,10,
673185834,CIOInboundChannelFilters,10,
673185835,CIOOutboundChannelFilters,10,
673185836,CIOStoredProcParam,10,
673185859,CIOMasterGroups,10,
673185837,CIOConnectAdapterParams,10,
673185838,CIOCheckInboundMsgParams,10,
673185839,CIODisconnectAdapterParams,10,
673185840,CIOInboundMsgRcvdParams,10,
673185831,CIOSettingsServiceBindings,10,
702545940,isValidateMatQueueTxns,15,
702545938,isManageMatQueueHistDetail,15,
702545939,isConsumeMatQueueTxns,15,
702545941,isPreactorScheduledCntr,15,
702545942,isReplenishThresholdDetails,15,
702545943,isDefectSeverity,15,
702545944,isDefectReason,15,
702545945,isRepairAction,15,
702545947,isDefectReasonGroupEntries,15,
702545946,isDefectReasonGroup,15,
702545929,isInventoryLocation,15,
702545974,isRecipePlanDetails,15,
702545921,isPreactorSchedule,15,
702545922,isPreactorScheduledOrders,15,
702545924,isIdealCycleTimes,15,
702545925,isOEEThruputDetails,15,
702545926,isOEERawDetails,15,
702545923,isUOMConversion,15,
702545928,isOEECurrentShift,15,
702545937,isManageMaterialQueueHistoryHi,15,
702545930,isInventoryDetails,15,
702545931,isManageInventoryHistory,15,
702545933,isManageInventoryHistoryDetail,15,
702545934,isMaterialQueue,15,
702545935,isMaterialQueueDetails,15,
702545936,isManageMaterialQueueHistory,15,
702545927,isOEEResourceDetailsByShift,15,
702545971,isLoadUnloadCarrierHistory,15,
702545981,isCompletedWIPSummary,15,
702545978,isDefectMap,15,
702545977,isDefectMapping,15,
702545976,isMatQueueMatRepDtl,15,
702545975,isParameters,15,
702545972,isLoadUnloadCarrierHistoryDtl,15,
702545973,isRecipePlan,15,
702545948,isDefectReasonGroupGroups,15,
702545970,isResolvedDowntimeSchd,15,
702545969,isDowntimeSchedule,15,
702545968,isMaterialRequestTxnHistDetail,15,
702545967,isMaterialRequestTxnHistory,15,
702545966,isMaterialRequestStatusDetails,15,
702545965,isMaterialRequestStatus,15,
702545950,isRepairActionGroup,15,
702545949,isDefectReasonGroupDefaultForO,15,
702545964,isAutoStartSettings,15,
702545951,isRepairActionGroupEntries,15,
702545952,isRepairActionGroupGroups,15,
702545953,isRepairActionGroupDefaultForO,15,
702545954,isDefectHistoryDetail,15,
702545955,isRepairActionHistDetails,15,
702545958,StartHistoryDetailisCurrentDef,15,
702545959,isRepairActionList,15,
702545960,isDefectOldValue,15,
702545961,isCurrentDefects,15,
702545962,ContainerisCurrentDefects,15,
702545963,isOEESettings,15,
702545956,isDefectHistory,15,
689967756,ES_MfgOrderReassignPlanDetails,60,
689963178,ES_ConfirmInstructDetail,60,
689963179,ES_TrackCompleteFAI,60,
689963180,ES_CompleteFAIHistory,60,
689963181,ES_CompleteFAIHistoryDetail,60,
689963182,ES_ProdClientUIConfigDetails,60,
689963183,ES_ProdClientUIConfig,60,
689963184,ES_ProdClientUIConfigES_ProdCl,60,
689963186,ES_ProcessPrepDetails,60,
689963188,ES_ProcessPrepDetailList,60,
689969266,ES_AssemblyClientSetup,60,
689967755,ES_MfgOrderReassignPlan,60,
689967757,ES_MfgOrderReassignPlanES_MfgO,60,
689963177,ES_ConfirmInstructionHistory,60,
689963131,A_ProductConversionHistory,60,
689963189,DocumentES_ProcessPrepDetailLi,60,
689963066,A_ComputerGroupEntries,60,
689963049,A_ProductMaterialListItemSub,60,
689963050,A_RecipeMaterialListItemSub,60,
689963057,A_ResourceComponents,60,
689963058,A_ProductStockLevel,60,
689963062,A_ProductConversionPlan,60,
689963063,A_ProductConversionPlanDetails,60,
689963123,A_YieldLimitsTxnDetail,60,
689963065,A_ComputerGroup,60,
689963040,A_ProductParams,60,
689963067,A_ComputerGroupGroups,60,
689963068,A_ComputerGroupDefaultForObjec,60,
689963073,A_RoleSetupAccesses,60,
689963074,A_ResourceEmployees,60,
689963120,A_YieldLimits,60,
689963121,A_YieldLimitsDetail,60,
689963133,A_HistoryMainlineObjects,60,
689963064,A_Computer,60,
689963022,A_TDAReason,60,
689963013,A_ResourceSlots,60,
689963014,A_MfgLine,60,
689963015,A_FeederSlot,60,
689963016,A_FeederPlanDetails,60,
689963019,A_TDA,60,
689963048,A_MfgOrderMaterialListItemSub,60,
689963021,A_TDAList,60,
689963047,A_BOMMaterialListItemSub,60,
689963023,A_TDATxnMap,60,
689963035,A_FeederPlanBase,60,
689963036,A_FeederPlan,60,
689963037,A_ResourceParams,60,
689963038,A_Param,60,
689963039,A_SpecParams,60,
689963125,A_ContainerFeederHistory,60,
689963020,A_TDADocument,60,
689963168,ES_BoardToTestIdHistory,60,
689963159,ES_BoardToTestId,60,
689963161,StartHistoryDetailES_BoardToTe,60,
689963162,ES_OmlConnectorList,60,
689963163,ES_OmlConnector,60,
689963164,ES_CADPrimaryBase,60,
689963165,ES_CADPrimary,60,
689963122,A_YieldLimitsTxn,60,
689963167,ES_CADLayers,60,
689963156,ES_ToolPlanMatrix,60,
689963169,ES_AddressPool,60,
689963170,ES_PhysicalAddress,60,
689963171,StartHistoryDetailES_PhysicalA,60,
689963172,ES_AddressAssignHistory,60,
689963173,ES_AddressAssignHistoryDetail,60,
689963174,ES_CADInstructionsBase,60,
689963175,ES_CADInstructions,60,
689963166,ES_CADLayersBase,60,
689963149,ES_JobImages,60,
689963126,A_ResourceComponentSetupHist,60,
689963127,A_ResourceComponentSetupHistD,60,
689963129,A_HistoryMainlineChildDetails,60,
689963132,A_TDADetailsHistory,60,
689963140,A_ContainerMaterialListItemSub,60,
689963145,ES_NPIJobBase,60,
689963146,ES_NPIJob,60,
689963158,ES_ResourceCategory,60,
689963148,ES_JOB_Documents,60,
689963157,ES_ToolPlanMatrixDetails,60,
689963150,ES_JobBOMs,60,
689963151,ES_DisplayOptions,60,
689963152,ResourceStatusModelDetails,60,
689963153,ES_PanelCfgExceptions,60,
689963154,ES_Settings,60,
689963155,ES_JSONPanel,60,
689963176,ES_ConfirmInstruction,60,
689963147,ES_PanelInformation,60,
